phase_id,ampel,start,ende,dauer_tage
1,grün,2007-01-03,2007-03-02,40
2,gelb,2007-03-05,2007-03-05,1
3,grün,2007-03-06,2007-07-25,98
4,gelb,2007-07-26,2007-08-14,14
5,rot,2007-08-15,2007-08-16,2
6,gelb,2007-08-17,2007-09-18,22
7,grün,2007-09-19,2007-09-19,1
8,gelb,2007-09-20,2007-09-20,1
9,grün,2007-09-21,2007-10-12,16
10,gelb,2007-10-15,2007-10-16,2
11,grün,2007-10-17,2007-10-18,2
12,gelb,2007-10-19,2007-10-30,8
13,grün,2007-10-31,2007-10-31,1
14,gelb,2007-11-01,2007-12-20,35
15,grün,2007-12-21,2007-12-26,3
16,gelb,2007-12-27,2008-01-18,16
17,rot,2008-01-22,2008-01-22,1
18,gelb,2008-01-23,2008-03-07,32
19,rot,2008-03-10,2008-03-10,1
20,gelb,2008-03-11,2008-03-13,3
21,rot,2008-03-14,2008-03-17,2
22,gelb,2008-03-18,2008-03-18,1
23,rot,2008-03-19,2008-03-19,1
24,gelb,2008-03-20,2008-04-24,24
25,grün,2008-04-25,2008-04-28,2
26,gelb,2008-04-29,2008-04-30,2
27,grün,2008-05-01,2008-05-06,4
28,gelb,2008-05-07,2008-05-07,1
29,grün,2008-05-08,2008-05-22,11
30,gelb,2008-05-23,2008-05-27,2
31,grün,2008-05-28,2008-05-30,3
32,gelb,2008-06-02,2008-06-04,3
33,grün,2008-06-05,2008-06-05,1
34,gelb,2008-06-06,2008-09-12,69
35,rot,2008-09-15,2009-05-15,168
36,gelb,2009-05-18,2009-05-20,3
37,rot,2009-05-21,2009-05-28,5
38,gelb,2009-05-29,2009-06-02,3
39,rot,2009-06-03,2009-06-03,1
40,gelb,2009-06-04,2009-06-12,7
41,rot,2009-06-15,2009-06-17,3
42,gelb,2009-06-18,2009-06-19,2
43,rot,2009-06-22,2009-06-23,2
44,gelb,2009-06-24,2009-07-06,8
45,rot,2009-07-07,2009-07-08,2
46,gelb,2009-07-09,2009-10-19,72
47,grün,2009-10-20,2009-10-20,1
48,gelb,2009-10-21,2009-11-24,25
49,grün,2009-11-25,2009-11-25,1
50,gelb,2009-11-27,2009-12-21,17
51,grün,2009-12-22,2009-12-30,6
52,gelb,2009-12-31,2010-01-04,2
53,grün,2010-01-05,2010-01-20,11
54,gelb,2010-01-21,2010-02-18,20
55,grün,2010-02-19,2010-02-22,2
56,gelb,2010-02-23,2010-02-23,1
57,grün,2010-02-24,2010-04-26,43
58,gelb,2010-04-27,2010-04-28,2
59,grün,2010-04-29,2010-04-29,1
60,gelb,2010-04-30,2010-04-30,1
61,grün,2010-05-03,2010-05-03,1
62,gelb,2010-05-04,2010-05-05,2
63,rot,2010-05-06,2010-05-07,2
64,gelb,2010-05-10,2010-05-13,4
65,rot,2010-05-14,2010-05-26,9
66,gelb,2010-05-27,2010-05-27,1
67,rot,2010-05-28,2010-06-01,2
68,gelb,2010-06-02,2010-06-03,2
69,rot,2010-06-04,2010-06-10,5
70,gelb,2010-06-11,2010-06-28,12
71,rot,2010-06-29,2010-07-02,4
72,gelb,2010-07-06,2010-10-07,67
73,grün,2010-10-08,2010-10-18,7
74,gelb,2010-10-19,2010-10-19,1
75,grün,2010-10-20,2010-10-26,5
76,gelb,2010-10-27,2010-11-02,5
77,grün,2010-11-03,2010-11-11,7
78,gelb,2010-11-12,2010-11-12,1
79,grün,2010-11-15,2010-11-15,1
80,gelb,2010-11-16,2010-11-17,2
81,grün,2010-11-18,2010-11-22,3
82,gelb,2010-11-23,2010-11-23,1
83,grün,2010-11-24,2010-11-24,1
84,gelb,2010-11-26,2010-12-01,4
85,grün,2010-12-02,2011-02-22,56
86,gelb,2011-02-23,2011-02-24,2
87,grün,2011-02-25,2011-03-04,6
88,gelb,2011-03-07,2011-03-07,1
89,grün,2011-03-08,2011-03-09,2
90,gelb,2011-03-10,2011-03-10,1
91,grün,2011-03-11,2011-03-11,1
92,gelb,2011-03-14,2011-03-18,5
93,grün,2011-03-21,2011-06-14,60
94,gelb,2011-06-15,2011-06-20,4
95,grün,2011-06-21,2011-06-23,3
96,gelb,2011-06-24,2011-06-27,2
97,grün,2011-06-28,2011-07-11,9
98,gelb,2011-07-12,2011-07-12,1
99,grün,2011-07-13,2011-07-13,1
100,gelb,2011-07-14,2011-07-14,1
101,grün,2011-07-15,2011-07-15,1
102,gelb,2011-07-18,2011-07-18,1
103,grün,2011-07-19,2011-07-25,5
104,gelb,2011-07-26,2011-08-03,7
105,rot,2011-08-04,2011-10-13,50
106,gelb,2011-10-14,2011-10-14,1
107,rot,2011-10-17,2011-10-21,5
108,gelb,2011-10-24,2011-10-24,1
109,rot,2011-10-25,2011-10-25,1
110,gelb,2011-10-26,2011-10-28,3
111,rot,2011-10-31,2011-11-04,5
112,gelb,2011-11-07,2011-11-08,2
113,rot,2011-11-09,2011-11-10,2
114,gelb,2011-11-11,2011-11-11,1
115,rot,2011-11-14,2011-11-23,8
116,gelb,2011-11-25,2011-11-25,1
117,rot,2011-11-28,2011-11-29,2
118,gelb,2011-11-30,2011-12-07,6
119,rot,2011-12-08,2011-12-08,1
120,gelb,2011-12-09,2012-01-19,27
121,grün,2012-01-20,2012-02-09,15
122,gelb,2012-02-10,2012-02-10,1
123,grün,2012-02-13,2012-02-14,2
124,gelb,2012-02-15,2012-02-15,1
125,grün,2012-02-16,2012-03-05,12
126,gelb,2012-03-06,2012-03-06,1
127,grün,2012-03-07,2012-04-09,23
128,gelb,2012-04-10,2012-04-11,2
129,grün,2012-04-12,2012-05-08,19
130,gelb,2012-05-09,2012-05-09,1
131,grün,2012-05-10,2012-05-10,1
132,gelb,2012-05-11,2012-06-15,25
133,grün,2012-06-18,2012-07-23,25
134,gelb,2012-07-24,2012-07-24,1
135,grün,2012-07-25,2012-11-06,72
136,gelb,2012-11-07,2012-11-07,1
137,grün,2012-11-08,2012-12-26,33
138,gelb,2012-12-27,2012-12-27,1
139,grün,2012-12-28,2013-06-19,119
140,gelb,2013-06-20,2013-06-20,1
141,grün,2013-06-21,2013-10-04,74
142,gelb,2013-10-07,2013-10-09,3
143,grün,2013-10-10,2014-01-31,78
144,gelb,2014-02-03,2014-02-05,3
145,grün,2014-02-06,2014-10-15,175
146,gelb,2014-10-16,2014-10-16,1
147,grün,2014-10-17,2014-12-10,38
148,gelb,2014-12-11,2014-12-17,5
149,grün,2014-12-18,2015-01-05,11
150,gelb,2015-01-06,2015-01-06,1
151,grün,2015-01-07,2015-01-13,5
152,gelb,2015-01-14,2015-01-20,4
153,grün,2015-01-21,2015-01-27,5
154,gelb,2015-01-28,2015-01-28,1
155,grün,2015-01-29,2015-01-29,1
156,gelb,2015-01-30,2015-02-02,2
157,grün,2015-02-03,2015-06-26,101
158,gelb,2015-06-29,2015-06-30,2
159,grün,2015-07-01,2015-07-07,4
160,gelb,2015-07-08,2015-07-09,2
161,grün,2015-07-10,2015-08-19,29
162,gelb,2015-08-20,2015-08-20,1
163,rot,2015-08-21,2015-08-26,4
164,gelb,2015-08-27,2015-08-28,2
165,rot,2015-08-31,2015-09-01,2
166,gelb,2015-09-02,2015-10-06,24
167,grün,2015-10-07,2015-11-12,27
168,gelb,2015-11-13,2015-11-13,1
169,grün,2015-11-16,2015-12-08,16
170,gelb,2015-12-09,2015-12-15,5
171,grün,2015-12-16,2015-12-17,2
172,gelb,2015-12-18,2015-12-21,2
173,grün,2015-12-22,2015-12-31,7
174,gelb,2016-01-04,2016-02-10,27
175,rot,2016-02-11,2016-02-11,1
176,gelb,2016-02-12,2016-02-29,11
177,grün,2016-03-01,2016-06-10,72
178,gelb,2016-06-13,2016-06-15,3
179,grün,2016-06-16,2016-06-21,4
180,gelb,2016-06-22,2016-06-22,1
181,grün,2016-06-23,2016-06-23,1
182,gelb,2016-06-24,2016-06-27,2
183,grün,2016-06-28,2016-10-31,88
184,gelb,2016-11-01,2016-11-07,5
185,grün,2016-11-08,2018-02-02,311
186,gelb,2018-02-05,2018-02-07,3
187,rot,2018-02-08,2018-02-09,2
188,gelb,2018-02-12,2018-02-22,8
189,grün,2018-02-23,2018-02-27,3
190,gelb,2018-02-28,2018-03-07,6
191,grün,2018-03-08,2018-03-21,10
192,gelb,2018-03-22,2018-04-16,17
193,grün,2018-04-17,2018-04-19,3
194,gelb,2018-04-20,2018-04-20,1
195,grün,2018-04-23,2018-04-23,1
196,gelb,2018-04-24,2018-04-25,2
197,grün,2018-04-26,2018-10-09,116
198,gelb,2018-10-10,2018-11-06,20
199,grün,2018-11-07,2018-11-09,3
200,gelb,2018-11-12,2018-11-15,4
201,grün,2018-11-16,2018-11-16,1
202,gelb,2018-11-19,2018-11-30,9
203,grün,2018-12-03,2018-12-03,1
204,gelb,2018-12-04,2018-12-20,12
205,rot,2018-12-21,2018-12-27,4
206,gelb,2018-12-28,2019-01-16,13
207,grün,2019-01-17,2019-01-18,2
208,gelb,2019-01-22,2019-01-29,6
209,grün,2019-01-30,2019-05-06,67
210,gelb,2019-05-07,2019-05-09,3
211,grün,2019-05-10,2019-05-10,1
212,gelb,2019-05-13,2019-05-14,2
213,grün,2019-05-15,2019-05-28,9
214,gelb,2019-05-29,2019-05-29,1
215,grün,2019-05-30,2019-05-30,1
216,gelb,2019-05-31,2019-06-03,2
217,grün,2019-06-04,2019-08-01,42
218,gelb,2019-08-02,2019-08-07,4
219,grün,2019-08-08,2019-08-09,2
220,gelb,2019-08-12,2019-08-12,1
221,grün,2019-08-13,2019-08-13,1
222,gelb,2019-08-14,2019-08-16,3
223,grün,2019-08-19,2019-08-22,4
224,gelb,2019-08-23,2019-08-28,4
225,grün,2019-08-29,2019-08-29,1
226,gelb,2019-08-30,2019-09-04,3
227,grün,2019-09-05,2019-09-30,18
228,gelb,2019-10-01,2019-10-03,3
229,grün,2019-10-04,2019-10-07,2
230,gelb,2019-10-08,2019-10-08,1
231,grün,2019-10-09,2020-02-21,93
232,gelb,2020-02-24,2020-02-24,1
233,rot,2020-02-25,2020-06-03,70
234,gelb,2020-06-04,2020-06-05,2
235,rot,2020-06-08,2020-07-17,29
236,gelb,2020-07-20,2020-07-22,3
237,rot,2020-07-23,2020-07-23,1
238,gelb,2020-07-24,2020-09-02,29
239,rot,2020-09-03,2020-09-10,5
240,gelb,2020-09-11,2020-09-22,8
241,rot,2020-09-23,2020-09-24,2
242,gelb,2020-09-25,2020-09-30,4
243,rot,2020-10-01,2020-10-06,4
244,gelb,2020-10-07,2020-10-16,8
245,rot,2020-10-19,2020-10-21,3
246,gelb,2020-10-22,2020-10-23,2
247,rot,2020-10-26,2020-11-04,8
248,gelb,2020-11-05,2021-01-26,55
249,rot,2021-01-27,2021-01-27,1
250,gelb,2021-01-28,2021-01-28,1
251,rot,2021-01-29,2021-01-29,1
252,gelb,2021-02-01,2021-03-25,38
253,grün,2021-03-26,2021-03-26,1
254,gelb,2021-03-29,2021-03-29,1
255,grün,2021-03-30,2021-05-05,26
256,gelb,2021-05-06,2021-05-06,1
257,grün,2021-05-07,2021-05-10,2
258,gelb,2021-05-11,2021-05-13,3
259,grün,2021-05-14,2021-05-17,2
260,gelb,2021-05-18,2021-05-20,3
261,grün,2021-05-21,2021-06-17,19
262,gelb,2021-06-18,2021-06-18,1
263,grün,2021-06-21,2021-07-16,19
264,gelb,2021-07-19,2021-07-20,2
265,grün,2021-07-21,2021-07-22,2
266,gelb,2021-07-23,2021-07-23,1
267,grün,2021-07-26,2021-07-26,1
268,gelb,2021-07-27,2021-07-27,1
269,grün,2021-07-28,2021-07-30,3
270,gelb,2021-08-02,2021-08-02,1
271,grün,2021-08-03,2021-08-17,11
272,gelb,2021-08-18,2021-08-20,3
273,grün,2021-08-23,2021-09-13,15
274,gelb,2021-09-14,2021-09-14,1
275,grün,2021-09-15,2021-09-16,2
276,gelb,2021-09-17,2021-09-22,4
277,grün,2021-09-23,2021-09-24,2
278,gelb,2021-09-27,2021-10-12,12
279,grün,2021-10-13,2021-11-24,31
280,gelb,2021-11-26,2021-11-30,3
281,rot,2021-12-01,2021-12-03,3
282,gelb,2021-12-06,2021-12-22,13
283,grün,2021-12-23,2021-12-27,2
284,gelb,2021-12-28,2021-12-28,1
285,grün,2021-12-29,2022-01-04,5
286,gelb,2022-01-05,2022-01-10,4
287,grün,2022-01-11,2022-01-12,2
288,gelb,2022-01-13,2022-01-13,1
289,grün,2022-01-14,2022-01-14,1
290,gelb,2022-01-18,2022-01-24,5
291,rot,2022-01-25,2022-01-27,3
292,gelb,2022-01-28,2022-02-22,17
293,rot,2022-02-23,2022-02-24,2
294,gelb,2022-02-25,2022-02-25,1
295,rot,2022-02-28,2022-03-01,2
296,gelb,2022-03-02,2022-03-02,1
297,rot,2022-03-03,2022-03-14,8
298,gelb,2022-03-15,2022-03-28,10
299,grün,2022-03-29,2022-03-30,2
300,gelb,2022-03-31,2022-04-01,2
301,grün,2022-04-04,2022-04-04,1
302,gelb,2022-04-05,2022-04-19,10
303,grün,2022-04-20,2022-04-20,1
304,gelb,2022-04-21,2022-04-25,3
305,rot,2022-04-26,2022-04-26,1
306,gelb,2022-04-27,2022-05-03,5
307,grün,2022-05-04,2022-05-04,1
308,gelb,2022-05-05,2022-05-17,9
309,rot,2022-05-18,2022-05-18,1
310,gelb,2022-05-19,2022-06-13,17
311,rot,2022-06-14,2022-06-14,1
312,gelb,2022-06-15,2022-06-15,1
313,rot,2022-06-16,2022-06-16,1
314,gelb,2022-06-17,2022-06-29,8
315,grün,2022-06-30,2022-06-30,1
316,gelb,2022-07-01,2022-07-28,19
317,grün,2022-07-29,2022-07-29,1
318,gelb,2022-08-01,2022-08-04,4
319,grün,2022-08-05,2022-08-05,1
320,gelb,2022-08-08,2022-08-09,2
321,grün,2022-08-10,2022-08-17,6
322,gelb,2022-08-18,2022-08-18,1
323,grün,2022-08-19,2022-08-19,1
324,gelb,2022-08-22,2022-09-23,24
325,rot,2022-09-26,2022-09-27,2
326,gelb,2022-09-28,2022-09-28,1
327,rot,2022-09-29,2022-09-29,1
328,gelb,2022-09-30,2022-10-06,5
329,rot,2022-10-07,2022-10-19,9
330,gelb,2022-10-20,2022-10-21,2
331,rot,2022-10-24,2022-10-24,1
332,gelb,2022-10-25,2022-12-13,35
333,grün,2022-12-14,2022-12-14,1
334,gelb,2022-12-15,2022-12-20,4
335,grün,2022-12-21,2022-12-21,1
336,gelb,2022-12-22,2023-01-11,13
337,grün,2023-01-12,2023-01-18,4
338,gelb,2023-01-19,2023-01-19,1
339,grün,2023-01-20,2023-01-27,6
340,gelb,2023-01-30,2023-01-30,1
341,grün,2023-01-31,2023-02-08,7
342,gelb,2023-02-09,2023-02-10,2
343,grün,2023-02-13,2023-02-17,5
344,gelb,2023-02-21,2023-02-27,5
345,grün,2023-02-28,2023-02-28,1
346,gelb,2023-03-01,2023-03-01,1
347,grün,2023-03-02,2023-03-08,5
348,gelb,2023-03-09,2023-03-29,15
349,grün,2023-03-30,2023-05-03,24
350,gelb,2023-05-04,2023-05-04,1
351,grün,2023-05-05,2023-12-27,163
352,gelb,2023-12-28,2023-12-28,1
353,grün,2023-12-29,2024-01-11,9
354,gelb,2024-01-12,2024-01-12,1
355,grün,2024-01-16,2024-03-20,46
356,gelb,2024-03-21,2024-03-21,1
357,grün,2024-03-22,2024-08-02,92
358,gelb,2024-08-05,2024-08-08,4
359,grün,2024-08-09,2024-09-05,19
360,gelb,2024-09-06,2024-09-06,1
361,grün,2024-09-09,2024-09-16,6
362,gelb,2024-09-17,2024-09-17,1
363,grün,2024-09-18,2024-09-24,5
364,gelb,2024-09-25,2024-09-25,1
365,grün,2024-09-26,2024-09-30,3
366,gelb,2024-10-01,2024-10-01,1
367,grün,2024-10-02,2024-10-02,1
368,gelb,2024-10-03,2024-10-03,1
369,grün,2024-10-04,2024-10-04,1
370,gelb,2024-10-07,2024-10-08,2
371,grün,2024-10-09,2024-10-14,4
372,gelb,2024-10-15,2024-10-15,1
373,grün,2024-10-16,2024-10-24,7
374,gelb,2024-10-25,2024-10-30,4
375,grün,2024-10-31,2024-10-31,1
376,gelb,2024-11-01,2024-11-05,3
377,grün,2024-11-06,2024-12-17,29
378,gelb,2024-12-18,2024-12-19,2
379,grün,2024-12-20,2025-02-26,44
380,gelb,2025-02-27,2025-02-27,1
381,grün,2025-02-28,2025-02-28,1
382,gelb,2025-03-03,2025-03-18,12
383,grün,2025-03-19,2025-03-27,7
384,gelb,2025-03-28,2025-04-01,3
385,grün,2025-04-02,2025-04-02,1
386,gelb,2025-04-03,2025-04-03,1
387,rot,2025-04-04,2025-04-14,7
388,gelb,2025-04-15,2025-04-15,1
389,rot,2025-04-16,2025-04-16,1
390,gelb,2025-04-17,2025-04-17,1
391,rot,2025-04-21,2025-04-21,1
392,gelb,2025-04-22,2025-05-09,14
393,grün,2025-05-12,2025-05-20,7
394,gelb,2025-05-21,2025-05-23,3
395,grün,2025-05-27,2025-06-12,13
396,gelb,2025-06-13,2025-06-13,1
397,grün,2025-06-16,2025-06-16,1
398,gelb,2025-06-17,2025-06-20,3
399,grün,2025-06-23,2025-06-26,4
400,gelb,2025-06-27,2025-06-27,1
401,grün,2025-06-30,2025-07-31,23
402,gelb,2025-08-01,2025-08-01,1
403,grün,2025-08-04,2025-10-09,48
404,gelb,2025-10-10,2025-10-10,1
405,grün,2025-10-13,2025-10-13,1
406,gelb,2025-10-14,2025-10-15,2
407,rot,2025-10-16,2025-10-16,1
408,grün,2025-10-17,2025-11-13,20
409,gelb,2025-11-14,2025-11-24,7
410,grün,2025-11-25,2026-01-16,36
411,gelb,2026-01-20,2026-01-20,1
412,grün,2026-01-21,2026-02-04,11
413,gelb,2026-02-05,2026-02-05,1
414,grün,2026-02-06,2026-02-11,4
415,gelb,2026-02-12,2026-02-19,5
416,grün,2026-02-20,2026-02-20,1
417,gelb,2026-02-23,2026-02-24,2
418,grün,2026-02-25,2026-02-26,2
419,gelb,2026-02-27,2026-03-05,5
420,rot,2026-03-06,2026-03-09,2
421,gelb,2026-03-10,2026-03-25,12
422,rot,2026-03-26,2026-03-30,3
423,gelb,2026-03-31,2026-04-08,6
424,grün,2026-04-09,2026-04-20,8
425,gelb,2026-04-21,2026-04-22,2
426,grün,2026-04-23,2026-04-23,1
427,gelb,2026-04-24,2026-04-24,1
428,grün,2026-04-27,2026-06-09,31
429,gelb,2026-06-10,2026-06-10,1
430,grün,2026-06-11,2026-08-19,26
